		Uniprot RbcL	Sequnce RbcL	Uniprot RbcS	Sequnce RbcS
Arabidopsis thaliana	Thale cress (Arabidopsis)	O03042	MPQTETKASVGFKAGVKEYKLTYYTPEYETKDTDILAAFRVTPQPGVPPEEAGAAVAAESSTGTWTTVWTDGLTSLDRYKGRCYHIEPVPGEETQFIAYVAYPLDLFEEGSVTNMFTSIVGNVFGFKALAALRLEDLRIPPAYTKTFQGPPHGIQVERDKLNKYGRPLLGCTIKPKLGLSAKNYGRAVYECLRGGLDFTKDDENVNSQPFMRWRDRFLFCAEAIYKSQAETGEIKGHYLNATAGTCEEMIKRAVFARELGVPIVMHDYLTGGFTANTSLSHYCRDNGLLLHIHRAMHAVIDRQKNHGMHFRVLAKALRLSGGDHIHAGTVVGKLEGDRESTLGFVDLLRDDYVEKDRSRGIFFTQDWVSLPGVLPVASGGIHVWHMPALTEIFGDDSVLQFGGGTLGHPWGNAPGAVANRVALEACVQARNEGRDLAVEGNEIIREACKWSPELAAACEVWKEITFNFPTIDKLDGQE	P10798	MKVWPPIGKKKFETLSYLPDLSDVELAKEVDYLLRNKWIPCVEFELEHGFVYREHGNTPGYYDGRYWTMWKLPLFGCTDSAQVLKEVEECKKEYPGAFIRIIGFDNTRQVQCISFIAYKPPSFTEAALE
Glycine max	Soybean	P27066	MSPQTETKASVGFKAGVKDYKLTYYTPDYETKDTDILAAFRVTPQPGVPPEEAGAAVAAESSTGTWTTVWTDGLTSLDRYKGRCYGLEPVAGEENQYIAYVAYPLDLFEEGSVTNMFTSIVGNVFGFKALRALRLEDLRIPTAYIKTFQGPPHGIQVERDKLNKYGRPLLGCTIKPKLGLSAKNYGRAVYECLRGGLDFTKDDENVNSQPFMRWRDRFLFCAEAIFKSQAETGEIKGHYLNATAGTCEEMMKRAVFARELGVPIVMHDYLTGGFTANTSLAHYCRDNGLLLHIHRAMHAVIDRQKNHGMHFRVLAKALRLSGGDHVHAGTVVGKLEGEREITLGFVDLLRDDFVEKDRSRGIYFTQDWVSLPGVLPVASGGIHVWHMPALTEIFGDDSVLQFGGGTLGHPWGNAPGAVANRVALEACVQARNEGRDLAREGNEIIREASKWSPELAAACEVWKEIKFEFEAMDTL	P00865	MCMQVWPPIGKKKFETLSYLPDLDDAQLAKEVEYLLRKGWIPCLEFELEHGFVYREHNRSPGYYDGRYWTMWKLPMFGCTDASQVLKELQEAKTAYPNGFIRIIGFDNVRQVQCISFIAYKPPGF
Nicotiana tabacum	Tobacco	P00876	MSPQTETKASVGFKAGVKEYKLTYYTPEYQTKDTDILAAFRVTPQPGVPPEEAGAAVAAESSTGTWTTVWTDGLTSLDRYKGRCYRIERVVGEKDQYIAYVAYPLDLFEEGSVTNMFTSIVGNVFGFKALRALRLEDLRIPPAYVKTFQGPPHGIQVERDKLNKYGRPLLGCTIKPKLGLSAKNYGRAVYECLRGGLDFTKDDENVNSQPFMRWRDRFLFCAEALYKAQAETGEIKGHYLNATAGTCEEMIKRAVFARELGVPIVMHDYLTGGFTANTSLAHYCRDNGLLLHIHRAMHAVIDRQKNHGIHFRVLAKALRMSGGDHIHSGTVVGKLEGERDITLGFVDLLRDDFVEQDRSRGIYFTQDWVSLPGVLPVASGGIHVWHMPALTEIFGDDSVLQFGGGTLGHPWGNAPGAVANRVALEACVKARNEGRDLAQEGNEIIREACKWSPELAAACEVWKEIVFNFAAVDVLDK	P69249	MCMQVWPPINKKKYETLSYLPDLSQEQLLSEVEYLLKNGWVPCLEFETEHGFVYRENNKSPGYYDGRYWTMWKLPMFGCTDATQVLAEVEEAKKAYPQAWIRIIGFDNVRQVQCISFIAYKPEGY
Solanum tuberosum	Potato	P25079	MSPQTETKASVGFKAGVKEYKLTYYTPEYQTKDTDILAAFRVTPQPGVPPEEAGAAVAAESSTGTWTTVWTDGLTSLDRYKGRCYRIERVVGEKDQYIAYVAYPLDLFEEGSVTNMLTSIVGNVFGFKALRALRLEDLRIPVAYVKTFQGPPHGIQVERDKLNKYGRPLLGCTIKPKLGLSAKNYGRAVYECLRGGLDFTKDDENVNSQPFMRWRDRFLFCAEALFKAQAETGEIKGHYLNATAGTCEEMMKRAVFARELGTPIVMHDYLTGGFTANTTLAHYCRDNGLLLHIHRAMHAVIDRQKNHGMHFRVLAKALRMSGGDHIHSGTVVGKLEGERDITLGFVDLLRDDFIEQDRSRGIYFTQDWVSLPGVLPVASGGIHVWHMPALTEIFGDDSVLQFGGGTLGHPWGNAPGAVANRVALEACVKARNEGRDLAREGNEIIREAAKWSPELAAACEVWKEIVFNFAAMDVLDK	P10647	MCMQVWPPINMKKYETLSYLPDLSDEQLLKEVEYLLKNGWVPCLEFETEHGFVYREHNSSPGYYDGRYWTMWKLPMFGCTDGTQVLAEVQEAKNAYPQAWIRIIGFDNVRQVQCISFIAYKPEGY
Medicago truncatula	Barrel medic	S4T017	MSPQTETKATVGFKAGVKDYRLTYYTPDYETKDTDILAAFRVSPQPGVPAEEAGAAVAAESSTGTWTTVWTDGLTSLDRYKGRCYHIEPVAGEESQFIAYVAYPLDLFEEGSVTNMFTSIVGNVFGFKALRALRLEDLRIPVAYVKTFQGPPHGIQVERDKLNKYGRPLLGCTIKPKLGLSAKNYGRAVYECLRGGLDFTKDDENVNSQPFMRWRDRFLFCAEAIYKAQAETGEIKGHYLNATAGTCEDMMKRAVFARELGVPIVMHDYLTGGFTANTTLAHYCRDNGLLLHIHRAMHAVIDRQKNHGMHFRVLAKALRMSGGDHIHAGTVVGKLEGERDITLGFVDLLRDDFVEKDRSRGIFFTQDWVSLPGVLPVASGGIHVWHMPALTEIFGDDSVLQFGGGTLGHPWGNAPGAVANRVALEACVQARNEGRDLAREGNEIIREATKWSPELAAACEVWKEIKFEFPAMDTI	B7FHB2	MCMQVWPPIGKKKFETLSYLPPLTEEQLAKEVEYLIRKGWVPCLEFELEKGFVYRENHSSPGYYDGRYWTMWKLPLFGATDSSQVLKELAEAKAAYPESFIRIIGFDNVRQVQCISFIAHTPATY
Gossypium hirsutum	Upland cotton	P14958	MSPQTETKASVGFKAGVKEYKLTYYTPEYEVKDTDILAAFRVTPQPGVPPEEAGAAVAAESSTGTWTTVWTDGLTSLDRYKGRCYDIEPVPGEEDQYICYVAYPLDLFEEGSVTNMFTSIVGNVFGFKALRALRLEDLRVPTAYIKTFQGPPHGIQVERDKLNKYGRPLLGCTIKPKLGLSAKNYGRAVYECLRGGLDFTKDDENVNSQPFMRWRDRFLFCAEAIFKSQAETGEIKGHYLNATAGTCEEMIKRAMCARELGVPIVMHDYLTGGFTANTSLAHYCRDNGLLLHIHRAMHAVIDRQKNHGMHFRVLAKALRMSGGDHIHAGTVVGKLEGERDITLGFVDLLRDDFIEKDRSRGIYFTQDWVSMPGVLPVASGGIHVWHMPALTEIFGDDSVLQFGGGTLGHPWGNAPGAVANRVALEACVQARNEGRDLAREGNEIIREASKWSPELAAACEVWKAIKFEFDAVDKLDKVEK	P31333	MCMQVWPPLGKKKFETLSYLPDLTPVQLAKEVDYLLRSKWIPCLEFELEEGFVHRKYSSLPTYYDGRYWTMWKLPMFGCTDSAQVLEELENCKKEYPNAFIRIIGFDNVRQVQCISFIAYKPKGY
Brassica napus	Canola / rapeseed	P25828	MSPQTETKAFVGFKAGVKDYKLNYYTPQYQPLDTDILAAFRVTPQPGVPSEEAGAAVAAESSTGTWTTVWTDGLTSLDRYKGRCYHIDPVPGEDNQYICYVAYPLDLFEEGSVTNMFTSIVGNVFGFKALRALRLEDLRIPVAYIKTFQGPPHGIQVERDKLNKYGRAILGCTIKPKLGLSAKNYGRAVYECLRGGLDFTKDDENVNSQPFMRWRDRFLFCAEALYKAQAETGEIKGHYLNATAGTCEEMIKRAVFARELGAPIVMHDYLTGGFTANTSLAHYCRDNGLLLHIHRAMHAVIDRQKNHGMHFRVLAKALRLSGGDHIHAGTVVGKLEGERDITLGFVDLLRDDYIEIDDDRGIYFTQPWVSTPGVLPVASGGIHVWHMPALTEIFGDDSVLQFGGGTLGHPWGNAPGAVANRVALEACVQARNEGRDLAREGATIIREAAKWSPELAAACEVWKEIKFEFPAVDTLDKKKG	P05346	MCMKVWPPVGKKKFETLSYLPDLTEVELGKEVDYLLRNKWIPCVEFELEHGFVYREHGSTPGYYDGRYWTMWKLPLFGCTDSAQVLKEVQECKTEYPNAFIRIIGFDNNRQVQCISFIAYKPPSFTGA
Helianthus annuus	Sunflower	P45738	MSPQTETKAFVGFKAGVKDYKLNYYTPQYQPLDTDILAAFRVTPQPGVPSEEAGAAVAAESSTGTWTTVWTDGLTSLDRYKGRCYHIDPVPGEDNQYICYVAYPLDLFEEGSVTNMFTSIVGNVFGFKALRALRLEDLRIPVAYIKTFQGPPHGIQVERDKLNKYGRAILGCTIKPKLGLSAKNYGRAVYECLRGGLDFTKDDENVNSQPFMRWRDRFLFCAEALYKAQAETGEIKGHYLNATAGTCEEMIKRAVFARELGAPIVMHDYLTGGFTANTSLAHYCRDNGLLLHIHRAMHAVIDRQKNHGMHFRVLAKALRLSGGDHIHAGTVVGKLEGERDITLGFVDLLRDDYIEIDDDRGIYFTQPWVSTPGVLPVASGGIHVWHMPALTEIFGDDSVLQFGGGTLGHPWGNAPGAVANRVALEACVQARNEGRDLAREGATIIREAAKWSPELAAACEVWKEIKFEFPAVDTLDKKKG	P08705	MCMKVWPPLGLKKYETLSYLPPLTETQLAKEVDYLLRKKWVPCLEFELEHGFVYRENARSPGYYDGRYWTMWKLPMFGCTDSAQVMKELAECKKEYPQAWIRIIGFDNVRQVQCIMFIASRPDGY
Populus trichocarpa	Black cottonwood (poplar)	A4GYR8	MSPQTETKAGVGFKAGVKDYKLTYYTPDYETKDTDILAAFRVTPQPGVPPEEAGAAVAAESSTGTWTTVWTDGLTSLDRYKGRCYDIEPVAGEENQFIAYVAYPLDLFEEGSVTNMFTSIVGNVFGFKALRALRLEDLRIPPAYVKTFQGPPHGIQVERDKLNKYGRPLLGCTIKPKLGLSAKNYGRAVYECLRGGLDFTKDDENVNSQPFMRWRDRFLFCAEALYKAQAETGEIKGHYLNATAGTCEEMIKRAVFARELGVPIVMHDYLTGGFTANTSLAHYCRDNGLLLHIHRAMHAVIDRQKNHGIHFRVLAKALRMSGGDHIHSGTVVGKLEGERDITLGFVDLLRDDFVEKDRSRGIYFTQDWVSLPGVLPVASGGIHVWHMPALTEIFGDDSVLQFGGGTLGHPWGNAPGAVANRVALEACVQARNEGRDLAREGNEIIREASKWSPELAAACEVWKEIKFEFQAMDTL	A9PG69	MCMQVWPPTGLKKFETLSYLPDLTEEELAKEIDYLLRSKWVPCLEFELEKGWVYREHHSSPGYYDGRYWTMWKLPMFGCTEASQVLLELEEAKKAYPNAFIRIIGFDNTRQVQCISFIAAKPKGV
Spinacia oleracea	Spinach	P00875	MSPQTETKASVEFKAGVKDYKLTYYTPEYETLDTDILAAFRVSPQPGVPPEEAGAAVAAESSTGTWTTVWTDGLTNLDRYKGRCYHIEPVAGEENQYICYVAYPLDLFEEGSVTNMFTSIVGNVFGFKALRALRLEDLRIPVAYVKTFQGPPHGIQVERDKLNKYGRPLLGCTIKPKLGLSAKNYGRAVYECLRGGLDFTKDDENVNSQPFMRWRDRFLFCAEALYKAQAETGEIKGHYLNATAGTCEDMMKRAVFARELGVPIVMHDYLTGGFTANTTLSHYCRDNGLLLHIHRAMHAVIDRQKNHGMHFRVLAKALRLSGGDHIHSGTVVGKLEGERDITLGFVDLLRDDYTEKDRSRGIYFTQSWVSTPGVLPVASGGIHVWHMPALTEIFGDDSVLQFGGGTLGHPWGNAPGAVANRVALEACVQARNEGRDLAREGNTIIREATKWSPELAAACEVWKEIKFEFPAMDTV	P00870	MQVWPPLGLKKFETLSYLPPLTTEQLLAEVNYLLVKGWIPPLEFEVKDGFVYREHDKSPGYYDGRYWTMWKLPMFGGTDPAQVVNEVEEVKKAPPDAFVRFIGFNDKREVQCISFIAYKPAGY
Solanum lycopersicum	Tomato	P27065	MSPQTETKASVGFKAGVKEYKLTYYTPEYQTKDTDILAAFRVTPQPGVPPEEAGAAVAAESSTGTWTTVWTDGLTSLDRYKGRCYRIERVVGEKDQYIAYVAYPLDLFEEGSVTNMFTSIVGNVFGFKALRALRLEDLRIPPAYVKTFQGPPHGIQVERDKLNKYGRPLLGCTIKPKLGLSAKNYGRAVYECLRGGLDFTKDDENVNSQPFMRWRDRFLFCAEALFKAQTETGEIKGHYLNATAGTCEEMIKRAVFARELGVPIVMHDYLTGGFTANTTLAHYCRDNGLLLHIHRAMHAVIDRQKNHGIHFRVLAKALRMSGGDHIHSGTVVGKLEGERDITLGFVDLLRDDFVEQDRSRGIYFTQDWVSLPGVLPVASGGIHVWHMPALTEIFGDDSVLQFGGGTLGHPWGNAPGAVANRVALEACVKARNEGRDLAREGNEIIREACKWSPELAAACEVWKEIVFNFAAVDVLDK	P08706	MCMQVWPPINMKKYETLSYLPDLSDEQLLSEIEYLLKNGWVPCLEFETERGFVYRENNSSPGYYDGRYWTMWKLPMFGCTDATQVLAEVQEAKKAYPQAWVRIIGFDNVRQVQCISFIAYKPEGF
Capsicum annuum	Pepper (bell pepper / chili pepper)	A0A3G2KM79	MSPQTETKASVGFKAGVKEYKLTYYTPEYQTKDTDILAAFRVTPQPGVPPEEAGAAVAAESSTGTWTTVWTDGLTSLDRYKGRCYRIERVVGEKDQYIAYVAYPLDLFEEGSVTNMFTSIVGNVFGFKALRALRLEDLRIPTAYIKTFQGPPHGIQVERDKLNKYGRPLLGCTIKPKLGLSAKNYGRAVYECLRGGLDFTKDDENVNSQPFMRWRDRFLFCTEALFKAQTETGEIKGHYLNATAGTCEEMMKRAVFARELGAPIVMHDYLTGGFTANTSLAHYCRDNGLLLHIHRAMHAVIDRQKNHGMHFRVLAKGLRMSGGDHIHAGTVVGKLEGERDITLGFVDLLRDDFVEQDRSRGIYFTQDWVSLPGVLPVASGGIHVWHMPALTEIFGDDSVLQFGGGTLGHPWGNAPGAVANRVALEACVKARNEGRDLAREGNEIIREASKWSPELAAACEVWKEIVFNFAAVDVLDK	O65349	MCMLVWPPINKKKYETLSYLPDLSDEQLLKEIEYLLQKGWVPCLEFETEHGFVYREHHRSPGYYDGRYWTMWKLPMFGCTDATQVLNEVQEAKKAYPQAWIRIIGFDNVRQVQCISFIAYKPEATKFSMFNV
Arachis hypogaea	Peanut	A0A191UJ50	MSPQTETKASVGFKAGVKDYKLTYYTPEYETKDTDILAAFRVTPQPGVPPEEAGAAVAAESSTGTWTTVWTDGLTSLDRYKGRCYNIEPVAGEENQYIAYVAYPLDLFEEGSVTNMFTSIVGNVFGFKALRALRLEDLRIPISYIKTFQGPPHGIQVERDKLNKYGRPLLGCTIKPKLGLSAKNYGRAVYECLRGGLDFTKDDENVNSQPFMRWRDRFLFCAEAIFKSQAETGEIKGHYLNATAGTCEEMIKRAVFARELGAPIVMHDYLTGGFTANTSLAHYCRDNGLLLHIHRAMHAVIDRQKNHGMHFRVLAKALRLSGGDHIHAGTVVGKLEGERDITLGFVDLLRDDFIEKDRSRGIYFTQDWVSLPGVLPVASGGIHVWHMPALTEIFGDDSVLQFGGGTLGHPWGNAPGAVANRVALEACVQARNEGRDLAREGNEIIREASKWSPELAAACEVWKAIKFEFPAMDTL	T2BAU5	MCMQVWPPVGKKKFETLSYLPDLTDEQLRKEVDYLLRKGWVPCLEFEVGYGFPYRENHRSPGYYDGRYWTMWKLPMFGCTDSGQVIKELQEAKAAYPKAFVRIIGFDNVRQVQCISFIAYKPGGY
Cucumis sativus	Cucumber	P27064	MSPQTETKASVGFKAGVKDYKLTYYTPEYETKDTDILAAFRVTPQPGVPPEEAGAAVAAESSTGTWTTVWTDGLTSLDRYKGRCYGIEPVAGEENQYIAYVAYPLDLFEEGSVTNMFTSIVGNVFGFKALRALRLEDLRIPTAYIKTFQGPPHGIQVERDKLNKYGRPLLGCTIKPKLGLSAKNYGRAVYECLRGGLDFTKDDENVNSQPFMRWRDRFLFCAEAIFKSQAETGEIKGHYLNATAGTCEEMMKRAIFARELGAPIVMHDYLTGGFTANTSLAHYCRDNGLLLHIHRAMHAVIDRQKNHGMHFRVLAKALRMSGGDHIHAGTVVGKLEGEREITLGFVDLLRDDFVEKDRSRGIYFTQDWVSLPGVLPVASGGIHVWHMPALTEIFGDDSVLQFGGGTLGHPWGNAPGAVANRVALEACVQARNEGRDLAREGNEIIREASKWSPELAAACEVWKEIKFEFEAMDTL	P08474	MCMKVWPPLGLRKFETLSYLPDMSNEQLSKECDYLLRNGWVPCVEFDIGSGFVYRENHRSPGFYDGRYWTMWKLPMFGCTDSSQVIQEIEEAKKEYPDAFIRVIGFDNVRQVQCISFIAYKPQVLLFLSSIC
Malus domestica	Apple	A0A223A9S9	MSPQTETKASVGFKAGVKDYKLTYYTPDYETKDTDILAAFRVTPQPGVPPEEAGAAVAAESSTGTWTTVWTDGLTSLDRYKGRCYHIEPVAGEESQFIAYVAYPLDLFEEGSVTNMFTSIVGNVFGFKALRALRLEDLRIPVAYVKTFQGPPHGIQVERDKLNKYGRPLLGCTIKPKLGLSAKNYGRAVYECLRGGLDFTKDDENVNSQPFMRWRDRFLFCAEAIYKAQAETGEIKGHYLNATAGTCEDMMKRAVFARELGVPIVMHDYLTGGFTANTTLAHYCRDNGLLLHIHRAMHAVIDRQKNHGMHFRVLAKALRMSGGDHIHAGTVVGKLEGEREITLGFVDLLRDDFVEKDRSRGIYFTQDWVSLPGVLPVASGGIHVWHMPALTEIFGDDSVLQFGGGTLGHPWGNAPGAVANRVALEACVQARNEGRDLAREGNEIIREASKWSPELAAACEIWKEIKFEFEAMDTL	A0A498HCA8	MCMQVWPPLGLKKFETLSYLPPLSTESLAKEVDYLLRKNWVPCLEFELEHGFVYRENHRSPGYYDGRYWTMWKLPMFGCTDSSQVLKELEEAKKAYPQSFIRIIGFDNVRQVQCISFIAYKPPGV
Vitis vinifera	Grapevine	P56648	MSPQTETKASVGFKAGVKDYKLTYYTPEYETKPTDILAAFRVTPQPGVPPEEAGAAVAAESSTGTWTTVWTDGLTSLDRYKGRCYHIEPVAGEESQFIAYVAYPLDLFEEGSVTNMFTSIVGNVFGFKALRALRLEDLRIPPAYSKTFQGPPHGIQVERDKLNKYGRPLLGCTIKPKLGLSAKNYGRAVYECLRGGLDFTKDDENVNSQPFMRWRDRFLFCAEAIFKSQAETGEIKGHYLNATAGTCEEMIKRAVFARELGVPIVMHDYLTGGFTANTSLAHYCRDNGLLLHIHRAMHAVIDRQKNHGMHFRVLAKALRLSGGDHIHAGTVVGKLEGEREITLGFVDLLRDDFVEKDRSRGIYFTQDWVSLPGVLPVASGGIHVWHMPALTEIFGDDSVLQFGGGTLGHPWGNAPGAVANRVALEACVQARNEGRDLAREGNEIIRAASKWSPELAAACEVWKEIKFEFPAMDTL	A5C718	MCMKVWPTEGLMKFETLSYLPPLNDEQLCKEVDYLLRMKWIPCLEFTKLYPYPHREHNRSPGYYDGRYWTMWKLPMFGCTDSAQVIKEVQEARTAYPDAHIRIIGFDNNRQVQCIAFIAYKPS
Cucumis melo	Melon	A0A6B9M9Q5	MSPQTETKASVGFKAGVKDYKLTYYTPEYETKDTDILAAFRVTPQPGVPPEEAGAAVAAESSTGTWTTVWTDGLTSLDRYKGRCYGIEPVAGEENQYIAYVAYPLDLFEEGSVTNMFTSIVGNVFGFKALRALRLEDLRIPTAYIKTFQGPPHGIQVERDKLNKYGRPLLGCTIKPKLGLSAKNYGRAVYECLRGGLDFTKDDENVNSQPFMRWRDRFLFCAEAIYKSQAETGEIKGHYLNATAGTCEEMMKRAIFARELGVPIVMHDYLTGGFTANTSLAHYCRDNGLLLHIHRAMHAVIDRQKNHGMHFRVLAKALRMSGGDHIHAGTVVGKLEGEREITLGFVDLLRDDFIEKDRSRGIYFTQDWVSLPGVLPVASGGIHVWHMPALTEIFGDDSVLQFGGGTLGHPWGNAPGAVANRVALEACVQARNEGRDLAREGNEIIREASKWSPELAAACEVWKEIKFEFEAMDTL	A0A1S3BG44	MCMKVWPPLGLKKFETLSYLPDMSNEQLGKEVDYLLRKGWIPCIEFDIHSGFVYRENHRSPGYYDGRYWTMWKLPMFGCTDSSQVVNEIEEAKKEYPDAYIRVIGFDNVRQVQCISFIAYKPPRFYTSP
Phaseolus vulgaris	Common bean	A4GG89	MSPQTETKASVGFKAGVKDYKLTYYTPDYETKDTDILAAFRVTPQPGVPPEEAGAAVAAESSTGTWTTVWTDGLTSLDRYKGRCYHIEPVAGEENQFIAYVAYPLDLFEEGSVTNMFTSIVGNVFGFKALRALRLEDLRIPTAYIKTFQGPPHGIQVERDKLNKYGRPLLGCTIKPKLGLSAKNYGRAVYECLRGGLDFTKDDENVNSQPFMRWRDRFLFCAEAIYKAQAETGEIKGHYLNATAGTCEEMIKRAVFARELGVPIVMHDYLTGGFTANTSLAHYCRDNGLLLHIHRAMHAVIDRQKNHGMHFRVLAKALRLSGGDHVHSGTVVGKLEGEREITLGFVDLLRDDFIEKDRSRGIYFTQDWVSLPGVLPVASGGIHVWHMPALTEIFGDDSVLQFGGGTLGHPWGNAPGAVANRVALEACVQARNEGRDLAREGNEIIREASKWSPELAAACEVWKEIKFEFEAMDTLD	Q43874	MQCIQVWPTVGKKKFETLSYLPPLTKQQLAKEVDYLLRKGWVPCLEFELEHGFVYREHNKSPGYYDGRYWTMWKLPMFGCTDSSQVLKELYEAQTAHPDGFIRIIGFDNVRQVQCISFIAYKPPGY
Manihot esculenta	Cassava	B1NWF8	MSPQTETKASVGFKAGVKDYKLTYYTPDYQTKDTDILAAFRVTPQPGVPPEEAGAAVAAESSTGTWTTVWTDGLTSLDRYKGRCYGLEPVPGEENQYIAYVAYPLDLFEEGSVTNMFTSIVGNVFGFKALRALRLEDLRVPPAYSKTFQGPPHGIQVERDKLNKYGRPLLGCTIKPKLGLSAKNYGRAVYECLRGGLDFTKDDENVNSQPFMRWRDRFLFCAEAIYKAQAETGEIKGHYLNATAGTCEEMIKRAVCARELGVPIVMHDYLTGGFTANTSLAHYCRDNGLLLHIHRAMHAVIDRQKNHGMHFRVLAKALRLSGGDHIHAGTVVGKLEGERDITLGFVDLLRDDFIEKDRSRGIYFTQDWVSLPGVLPVASGGIHVWHMPALTEIFGDDSVLQFGGGTLGHPWGNAPGAVANRVALEACVQARNEGRDLAREGNDIIREASKWSPELAAACEVWKEIKFEFAAVDTLDK	Q42915	MQCMKVWPTLGMKKFETLSYLPPLTREQLASEVEYLLRSGWIPCLEFELEHGLVYREHARVPGYYDGRYWTMWKLPMFGCTDAAQVLKELDELIKHHPDGYARIIGFDNVRQVQCISFLAYKPPGA
Lactuca sativa	Lettuce	P48706	MSPQTETKASVGFKAGVKDYKLTYYTPEYETKDTDILAAFRVTPQPGVPPEEAGAAVAAESSTGTWTTVWTDGLTSLDRYKGRCYGIEPVPGEENQYIAYVAYPLDLFEEGSVTNMFTSIVGNVFGFKALRALRLEDLRIPTAYVKTFQGPPHGIQVERDKLNKYGRPLLGCTIKPKLGLSAKNYGRAVYECLRGGLDFTKDDENVNSQPFMRWRDRFLFCAEAIFKSQAETGEIKGHYLNATAGTCEEMMKRAIFARELGVPIVMHDYLTGGFTANTSLAHYCRDNGLLLHIHRAMHAVIDRQKNHGIHFRVLAKALRMSGGDHIHSGTVVGKLEGEREITLGFVDLLRDDFIEKDRSRGIYFTQDWVSLPGVLPVASGGIHVWHMPALTEIFGDDSVLQFGGGTLGHPWGNAPGAVANRVALEACVQARNEGRDLATEGNEIIREATKWSPELAAACEVWKEIKFEFQAMDTLDQ	Q40250	MQCMKVWPPIGLKKYETLSYLPPLSDEALSKEIDYLIRNKWIPCLEFELEHGFVYREHHHSPGYYDGRYWTMWKLPMFGCTDSAQVMKEVGECKKEYPNAFIRVIGFDNIRQVQCISFIVAKPPGVL
					
Oryza glaberrima	African rice	A0A059U6L3	MSPQTETKASVGFKAGVKDYKLTYYTPEYETKDTDILAAFRVTPQPGVPPEEAGAAVAAESSTGTWTTVWTDGLTSLDRYKGRCYHIEPVVGEDNQYIAYVAYPLDLFEEGSVTNMFTSIVGNVFGFKALRALRLEDLRIPPTYSKTFQGPPHGIQVERDKLNKYGRPLLGCTIKPKLGLSAKNYGRACYECLRGGLDFTKDDENVNSQPFMRWRDRFVFCAEAIYKSQAETGEIKGHYLNATAGTCEEMIKRAVFARELGVPIVMHDYLTGGFTANTSLAHYCRDNGLLLHIHRAMHAVIDRQKNHGMHFRVLAKALRMSGGDHIHAGTVVGKLEGEREMTLGFVDLLRDDFIEKDRARGIFFTQDWVSMPGVIPVASGGIHVWHMPALTEIFGDDSVLQFGGGTLGHPWGNAPGAAANRVALEACVQARNEGRDLAREGNEIIRSACKWSPELAAACEIWKAIKFEFEPVDKLDS	I1R5Q5	MCMQVWPIEGIKKFETLSYLPPLTVEDLLKQIEYLLRSKWVPCLEFSKVGFVYRENHRSPGYYDGRYWTMWKLPMFGCTDATQVLKELEEAKKAYPDAFVRIIGFDNVRQVQLISFIAYKPPGCEESGGN
Oryza sativa	Asian rice	P0C512	MPQTETKASVGFKAGVKDYKLTYYTPEYETKDTDILAAFRVTPQPGVPPEEAGAAVAAESSTGTWTTVWTDGLTSLDRYKGRCYHIEPVVGEDNQYIAYVAYPLDLFEEGSVTNMFTSIVGNVFGFKALRALRLEDLRIPPTYSKTFQGPPHGIQVERDKLNKYGRPLLGCTIKPKLGLSAKNYGRACYECLRGGLDFTEDDENVNSQPFMRWRDRFVFCAEAIYKSQAETGEIKGHYLNATAGTCEEMIKRAVFARELGVPIVMHDYLTGGFTANTSLAHYCRDNGLLLHIHRAMHAVIDRQKNHGMHFRVLAKALRMSGGDHIHAGTVVGKLEGEREMTLGFVDLLRDDFIEKDRARGIFFTQDWVSMPGVIPVASGGIHVWHMPALTEIFGDDSVLQFGGGTLGHPWGNAPGAAANRVALEACVQARNEGRDLAREGNEIIRSACKWSPELAAACEIWKAIKFEFEPVDKLDS	Q0INY7	MCMQVWPIEGIKKFETLSYLPPLTVEDLLKQIEYLLRSKWVPCLEFSKVGFVYRENHRSPGYYDGRYWTMWKLPMFGCTDATQVLKELEEAKKAYPDAFVRIIGFDNVRQVQLISFIAYKPPGCEESGGNALE
Hordeum vulgare	Barley	P05698	MPQTETKAGVGFQAGVKDYKLTYYTPEYETKDTDILAAFRVSPQPGVPPEEAGAAVAAESSTGTWTTVWTDGLTSLDRYKGRCYHIEPVAGEDSQWICYVAYPLDLFEEGSVTNMFTSIVGNVFGFKALRALRLEDLRIPPTYSKTFQGPPHGIQVERDKLNKYGRPLLGCTIKPKLGLSAKNYGRACYECLRGGLDFTKDDENVNSQPFMRWRDRFVFCAEAIYKSQAETGEIKGHYLNATAGTCEEMIKRAVFARELGVPIVMHDYLTGGFTANTTLAHYCRDNGLLLHIHRAMHAVIDRQKNHGMHFRVLAKALRMSGGDHIHSGTVVGKLEGEREMTLGFVDLLRDDFIEKDRARGIFFTQDWVSMPGVIPVASGGIHVWHMPALTEIFGDDSVLQFGGGTLGHPWGNAPGAAANRVALEACVQARNEGRDLAREGNEIIRAACKWSPELAAACEVWKAIKFEFEPVDTIDKKV	Q40004	MCMQVWPIEGIKKFETLSYLPPLSTEALLKQVDYLIRSKWVPCLEFSKVGFIFREHNASPGYYDGRYWTMWKLPMFGCTDATQVLNEVEEVKKEYPDAYVRIIGFDNMRQVQCVSFIAFKPPGCQESGKA
Zea mays	Maize / corn	P00874	MPQTETKASVGFKAGVKDYKLTYYTPEYETKDTDILAAFRVTPQLGVPPEEAGAAVAAESSTGTWTTVWTDGLTSLDRYKGRCYHIEPVPGDPDQYICYVAYPLDLFEEGSVTNMFTSIVGNVFGFKALRALRLEDLRIPPAYSKTFQGPPHGIQVERDKLNKYGRPLLGCTIKPKLGLSAKNYGRACYECLRGGLDFTKDDENVNSQPFMRWRDRFVFCAEAIYKAQAETGEIKGHYLNATAGTCEEMIKRAVFARELGVPIVMHDYLTGGFTANTTLSHYCRDNGLLLHIHRAMHAVIDRQKNHGMHFRVLAKALRMSGGDHIHSGTVVGKLEGEREITLGFVDLLRDDFIEKDRSRGIFFTQDWVSMPGVIPVASGGIHVWHMPALTEIFGDDSVLQFGGGTLGHPWGNAPGAAANRVALEACVQARNEGRDLAREGNEIIKAACKWSAELAAACEIWKEIKFDGFKAMDTI	P05348	MCMQVWPAYGNKKFETLSYLPPLSTDDLLKQVDYLLRNGWIPCLEFSKVGFVYRENSTSPCYYDGRYWTMWKLPMFGCNDATQVYKELQEAIKSYPDAFHRVIGFDNIKQTQCVSFIAYKPPGSD
Triticum aestivum	Bread wheat	P11383	MPQTETKAGVGFKAGVKDYKLTYYTPEYETKDTDILAAFRVSPQPGVPPEEAGAAVAAESSTGTWTTVWTDGLTSLDRYKGRCYHIEPVAGEDSQWICYVAYPLDLFEEGSVTNMFTSIVGNVFGFKALRALRLEDLRIPPTYSKTFQGPPHGIQVERDKLNKYGRPLLGCTIKPKLGLSAKNYGRACYECLRGGLDFTKDDENVNSQPFMRWRDRFVFCAEAIYKSQAETGEIKGHYLNATAGTCEEMIKRAVFARELGVPIVMHDYLTGGFTANTTLAHYCRDNGLLLHIHRAMHAVIDRQKNHGMHFRVLAKALRMSGGDHIHSGTVVGKLEGEREMTLGFVDLLRDDFIEKDRARGIFFTQDWVSMPGVIPVASGGIHVWHMPALTEIFGDDSVLQFGGGTLGHPWGNAPGAAANRVALEACVQARNEGRDLAREGNEIIRAACKWSPELAAACEVWKAIKFEFEPVDTIDK	A0A9R1IZU7	MCMQVWPIEGIKKFETLSYLPPLSTEALSKQVDYLIRSKWVPCLEFSKVGFVFREHNSSPGYYDGRYWTMWKLPMFGCTDATQVLNEVEEVKKEYPDAYVRVIGFDNLRQVQCVSFIAFRPPGCEESGKA
Sorghum bicolor	Sorghum	A1E9T2	MSPQTETKASVGFKAGVKDYKLTYYTPEYETKDTDILAAFRVTPQLGVPPEEAGAAVAAESSTGTWTTVWTDGLTSLDRYKGRCYHIEPVPGDPDQYICYVAYPLDLFEEGSVTNMFTSIVGNVFGFKALRALRLEDLRIPPAYVKTFQGPPHGIQVERDKLNKYGRPLLGCTIKPKLGLSAKNYGRACYECLRGGLDFTKDDENVNSQPFMRWRDRFVFCAEAIYKAQAETGEIKGHYLNATAGTCEEMIKRAVFAKELGVPIVMHDYLTGGFTANTTLSHYCRDNGLLLHIHRAMHAVIDRQKNHGMHFRVLAKALRMSGGDHIHSGTVVGKLEGEREITLGFVDLLRDDFIEKDRSRGIFFTQDWVSMPGVIPVASGGIHVWHMPALTEIFGDDSVLQFGGGTLGHPWGNAPGAAANRVALEACVQARNEGRDLAREGNEIIKAACKWSAELAAACEIWKEIKFDTFKAMDTL	AB564718	MKFETLSYLPPLTEEQLLKQVDYLLRNNWVPCLEFSKEGFVYRENSTSPCYYDGRYWTMWKLPMFGCTDASQVYKELQEAIASYPDAYVRILGFDNIKQTQCVSFIAYKPAGSE
Setaria viridis	Green foxtail	A0A0U2KND4	MSPQTETKASVGFKAGVKDYKLTYYTPEYETKDTDILAAFRVTPQPGVPPEEAGAAVAAESSTGTWTTVWTDGLTSLDRYKGRCYHIEPVPGEADQYICYIAYPLDLFEEGSVTNMFTSIVGNVFGFKALRALRLEDLRIPTAYAKTFQGPPHGIQVERDKLNKYGRPLLGCTIKPKLGLSAKNYGRACYECLRGGLDFTKDDENVNSQPFMRWRDRFVFCAEAIYKAQAETGEIKGHYLNATAGTCEEMIKRAAFARELGVPIVMHDYLTGGFTANTSLSYYCRDNGLLLHIHRAMHAVIDRQKNHGMHFRVLAKALRMSGGDHIHSGTVVGKLEGEREITLGFVDLLRDDFIEKDRSRGIFFTQDWASMPGVIPVASGGIHVWHMPALTEIFGDDSVLQFGGGTLGHPWGNAPGAAANRVALEACVQARNEGRDLAREGNEIIKAACKWSPELAAACEVWKEIKFEFEAMDTL	A0A4U6VIS0	MQVWPIGGKKFETLSYLPPLSTDDLLKQIDYLIRKNWIPCLEFSKVGFVYRENNRSPGYYDGRYWTMWKLPMFGCTEATQVYAELEECKKAYPDAYIRILGFDNVRQVQCIMFIAYKPPGCEETGVAK
Brachypodium distachyon	Purple false brome	B3TN59	MSPQTETKASVGFKAGVKDYRLTYYTPEYETKDTDILAAFRVSPQPGVPPEEAGAAVAAESSTGTWTTVWTDGLTSLDRYKGRCYHIEPVPGEDSQWICYVAYPLDLFEEGSVTNMFTSIVGNVFGFKALRALRLEDLRIPPTYSKTFQGPPHGIQVERDKLNKYGRPLLGCTIKPKLGLSAKNYGRACYECLRGGLDFTKDDENVNSQPFMRWRDRFVFCAEAIYKSQAETGEIKGHYLNATAGTCEEMMKRAVFARELGVPIVMHDYLTGGFTANTTLAHYCRDNGLLLHIHRAMHAVIDRQKNHGMHFRVLAKALRMSGGDHIHAGTVVGKLEGEREITLGFVDLLRDDFIEKDRARGIFFTQDWVSMPGVIPVASGGIHVWHMPALTEIFGDDSVLQFGGGTLGHPWGNAPGAAANRVALEACVQARNEGRDLAREGNEIIRAACKWSPELAAACEVWKAIKFEFAPVDTID	A0A0Q3FEP9	MQVWPIEGIKKFETLSYLPPLTVESLLKQIEYLIRSKWVPCLEFSKVGFVFREHGNSPGYWTMWKLPMFGCTDATQVLKELEEVKKEYPGAYVRIIGFDNTRQVQCISFIAFKPPGCEESGKA
Musa acuminata	Banana	A0A8D5TCI0	MSCREGLMSPQTETKASVGFKAGVKDYKLNYYTPDYEVKDTDILAAFRVTPQPGVPPEEAGAAVAAESSTGTWTTVWTDGLTSLDRYKGRCYHIEAVVGEENQYIAYVAYPLDLFEEGSVTNMFTSIVGNVFGFKALRALRLEDLRIPTSYSKTFQGPPHGIQVERDKLNKYGRPLLGCTIKPKLGLSAKNYGRAVYECLRGGLDFTKDDENVNSQPFMRWRDRFLFCTEALFKAQAETGEIKGHYLNATAGTCEEMMKRAICARELGVPIVMHDYLTGGFTANTSLAHYCRDNGLLLHIHRAMHAVIDRQKNHGMHFRVLAKALRMSGGDHIHAGTVVGKLEGEREMTLGFVDLLRDDYIEKDRSRGIFFTQDWVSMPGVLPVASGGIHVWHMPALTEIFGDDSVLQFGGGTLGHPWGNAPGAVANRVALEACVQARNEGRDLAREGNEIIREASKWSPELAAACEVWKEIKFEFEPVDKLDKEKK	O24045	MCMKVWPIEGVKKFETLSYLPTMKDEALVKQIEYLLRSKWIPCLEFCPKGFVWRENHRSPGYYDGRYWTMWKLPMFGCTDAVQVAKEVEECKKEYPHAFIRIIGFDNNRQVQCISFIAYKPTGY
Avena sativa	Oat	P48684	MSPQTETKASVGFQAGVKDYKLTYYTPEYETKDTDILAAFRVTPQPGVPPEEAGAAVAAESSTGTWTTVWTDGLTSLDRYKGRCYHIEPVAGEDNQWICYVAYPLDLFEEGSVTNMFTSIVGNVFGFKALRALRLEDLRIPPAYTKTFQGPPHGIQVERDKLNKYGRPLLGCTIKPKLGLSAKNYGRACYECLRGGLDFTKDDENVNSQPFMRWRDRFVFCAEAIYKAQAETGEIKGHYLNATAGTCEEMIKRAVFARELGVPIVMHDYITGGFTANTSLAHYCRDNGLLLHIHRAMHAVIDRQKNHGMHFRVLAKALRMSGGDHIHSGTVVGKLEGEREMTLGFVDLLRDDFIEKDRARGIFFTQDWVSMPGVIPVASGGIHVWHMPALTEIFGDDSVLQFGGGTLGHPWGNAPGAAANRVALEACVQARNEGRDLAREGNEIIREACKWSPELAAACEVWKAIKFEFEPVDTIDE	Q9ZWG4	MCMQVWPIEGIKKFETLSYLPPLSEEALLKQIDFLIRSKWVPCLEFSKVGFIFREHGSTPGYYDGRYWTMWKLPMFGCTDASQVIKEVEEVKKEYPDAYVRIIGFDNIRQVQCVSFIAFKPPGCE
Secale cereale	Rye	S4Z1I3	MSPQTETKAGVGFQAGVKDYKLTYYTPEYETKDTDILAAFRVSPQPGVPPEEAGAAVAAESSTGTWTTVWTDGLTSLDRYKGRCYHIEPVAGEDNQWICYVAYPLDLFEEGSVTNMFTSIVGNVFGFKALRALRLEDLRIPPTYSKTFQGPPHGIQVERDKLNKYGRPLLGCTIKPKLGLSAKNYGRACYECLRGGLDFTKDDENVNSQPFMRWRDRFVFCAEAIYKSQAETGEIKGHYLNATAGTCEEMIKRAVFARELGVPIVMHDYLTGGFTANTTLAHYCRDNGLLLHIHRAMHAVIDRQKNHGMHFRVLAKALRMSGGDHIHSGTVVGKLEGEREMTLGFVDLLRDDFIEKDRARGIFFTQDWVSMPGVIPVASGGIHVWHMPALTEIFGDDSVLQFGGGTLGHPWGNAPGAAANRVALEACVQARNEGRDLAREGNEIIRAACKWSPELAAACEVWKAIKFEFEPVDTID	Q9SAW4	MCMQVWPIEGIKKFETLSYLPPLSTEALLKQVDYLIRSKWVPCLEFSKVGFVFREHNSSPGYYDGRYWTMWKLPMFGCTDATQVLNEVEEVKKEYPDAYVRVIGFDNLRQVQCVSFIAFRPPGCV
Panicum miliaceum	Proso millet	A0A140GZ30	MSPQTETKASVGFKAGVKDYKLTYYTPEYETKDTDILAAFRVTPQPGVPPEEAGAAVAAESSTGTWTTVWTDGLTSLDRYKGRCYHIEPVPGEADQYICYVAYPLDLFEEGSVTNMFTSIVGNVFGFKALRALRLEDLRIPIAYAKTFQGPPHGIQVERDKLNKYGRPLLGCTIKPKLGLSAKNYGRACYECLRGGLDFTKDDENVNSQPFMRWRDRFVFCAEAIYKAQAETGEIKGHYLNATAGTCEEMIKRAVFARELGVPIVMHDYITGGFTANTSLAHYCRDNGLLLHIHRAMHAVIDRQKNHGMHFRVLAKALRMSGGDHIHAGTVVGKLEGEREITLGFVDLLRDDFIEKDRSRGIFFTQDWASMPGVIPVASGGIHVWHMPALTEIFGDDSVLQFGGGTLGHPWGNAPGAAANRVALEACVQARNEGRDLAREGNEIIKAACKWSPELAAACEVWKAIKFDFAPVDTID	A0A3L6T3G2	MCMQVWPTENNKKFETLSYLPPLSTEDLLKQIDYLIRNNWVPCLEFSKVGFVFRENATSPGYYDGRYWTMWKLPMFGCTDSTQVYAELEEAKKAYPDNYIRILGFDNVRQVQCVMFIAYKPPSSE
Eleusine coracana	Finger millet	H6T1K2	MSPQTETKAGVGFQAGVKDYKLTYYTPEYETKDTDILAAFRVTPQPGVPPEEAGAAVAAESSTGTWTTVWTDGLTSLDRYKGRCYHIEPVPGEDSQYICYVAYPLDLFEEGSVTNMFTSIVGNVFGFKALRALRLEDLRIPAAYAKTFQGPPHGIQVERDKLNKYGRPLLGCTIKPKLGLSAKNYGRACYECLRGGLDFTKDDENVNSQPFMRWRDRFVFVAEAIYKAQAETGEIKGHYLNATAGTCEEMIKRAVFARELGVPIIMHDYITGGFTANTSLAHYCRDNGLLLHIHRAMHAVIDRQKNHGMHFRVLAKALRMSGGDHIHSGTVVGKLEGEREMTLGFVDLLRDDYIEKDRSRGIFFTQDWVSMPGVIPVASGGIHVWHMPALTEIFGDDSVLQFGGGTLGHPWGNAPGAAANRVALEACVQARNEGRDLAREGNEIIRAACKWSPELAAACEVWKAITFDFKPVDTID	A0AAV5DSB1	MCMQVWPIEGNKKFETLSYLPPLSTEDLLKQIEYLIRSKWIPCLEFSTVGFVYRENASSPGYYDGRYWTMWKLPMFGCTDATQVLKELEEVKAAYPNCFIRVIGFDNVRQVQCISFIAYKPHGN
Saccharum officinarum	Sugarcane	Q6ENV5	MSPQTETKASVGFKAGVKDYKLTYYTPEYETKDTDILAAFRVTPQLGVPPEEAGAAVAAESSTGTWTTVWTDGLTSLDRYKGRCYHIEPVPGDPDQYICYVAYPLDLFEEGSVTNMFTSIVGNVFGFKALRALRLEDLRIPPAYVKTFQGPPHGIQVERDKLNKYGRPLLGCTIKPKLGLSAKNYGRACYECLRGGLDFTKDDENVNSQPFMRWRDRFVFCAEAIYKAQAETGEIKGHYLNATAGTCEEMIKRAVFAKELGVPIVMHDYLTGGFTANTTLSHYCRDNGLLLHIHRAMHAVIDRQKNHGMHFRVLAKALRMSGGDHIHSGTVVGKLEGEREITLGFVDLLRDDFIEKDRSRGIFFTQDWVSMPGVIPVASGGIHVWHMPALTEIFGDDSVLQFGGGTLGHPWGNAPGAAANRVALEACVQARNEGRDLAREGNEIIKAACKWSAELAAACEIWKEIKFDTFKAMDTL	J9QE65	MCMQVWPAYGNKKFETLSYLPPLTQEQLLKQVDYLLRNNWVPCLEFSKEGFVYRENSTSPYYYDGRYWTMWKLPMFGCTDASQVYKELQEAIASYPDAYVRILGFDNIRQTQCVSFIAYKPEGSE
Cocos nucifera	Coconut palm	Q9BA19	MSPQXETKASVGFXAGVKDYKLTYYTPDXETKDTDILAAFRVTPQPGVPPEEAGAAVAAESSTGTWTTVWTDGLTSLDRYKGRCYHIETVVGEENQYIAYVAYPLDLFEEGSVTNMFTSIVGNVFGFKALRALRLEDLRIPTSYSKTFQGPPHGIQVERDKLNKYGRPLLGCTIKPKLGLSAKNYGRAVYECLRGGLDFTKDDENVNSQPFMRWRDRFCFCAEAIYKAQAETGEIKGHYLNATAGTCEEMIKRAVFARELGAPIVMHDYLTGGFTANTSLAHYCRDNGLLLHIHRAMHAVIDRQKNHGMHFRVLAKALRMSGGDHIHAGTVVGKLEGEREMTLGFVDLLRDDFIEKDRSRGIFFTQDWVSMPGVIPVASGGIHVWHMPALTEIFGDDSVLQFGGGTLGHPWGNAPGAVANRVALEACVQARNEGRDLAREGNEIIREASKWSPELAAACEVWKAIKFEFEPVDKLDK	A0A8K0I3B7	MCMKVWPIEGVKKFETLSYLPPLSVEALLKQIEYLLRSGWIPCLEFCKIGFVYREHHRSPGYYDGRYWTMWKLPMFGCNDATQVAKELEECKKEYPDAFIRIIGFDNVRQVQCISFIAYKPATY
Setaria italica	Foxtail millet	P56647	MSPQTETKASVGFKAGVKDYKLTYYTPEYETKDTDILAAFRVTPQPGVPPEEAGAAVAAESSTGTWTTVWTDGLTSLDRYKGRCYHIEPVPGEADQYICYIAYPLDLFEEGSVTNMFTSIVGNVFGFKRSRALRLEDLRIPPAYAKTFQGPPHGIQVERDKLNKYGRPLLGCTIKPKLGLSAKNYGRACYECLRGGLDFTKDDENVNSQPFMRWRDRFVFCAEAIYKAQAETGEIKGHYLNATAGTCEEMIKRAAFARELGVPIVMHDYLTGGFTANTSLSYYCRDNGLLLHIHRAMHAVIDRQKNHGMHFRVLAKALRMSGGDHIHSGTVVGKLEGEREITLGFVDLLRDDFIEKDRSRGIFFTQDWASMPGVIPVASGGIHVWHMPALTEIFGDDSVLQFGGGTLGHPWGNAPGTAANRVALEACVQARNEGRDLAREGNEIIKAACKWSPELAAACEVWKEIKFEGSKAMDTL	K3ZA91	MCMQVWPAEGNKKFETLSYLPPLSTDEVLKQIDYLIRKNWIPCLEFSKIGFVYRENSTSPCYYDGRYWTMWKLPMFGCTEATQVYAEFEECKKAYPDCYIRIIGFDNIKQVQCVMFIAYKPPGSE
Phoenix dactylifera	Date palm	D4PBB9	MSCREGLMSPQTETKASVGFKAGVKDYKLTYYTPDYETKDTDILAAFRVTPQPGVPPEEAGAAVAAESSTGTWTTVWTDGLTSLDRYKGRCYHIETVVGEENQYIAYVAYPLDLFEEGSVTNMFTSIVGNVFGFKALRALRLEDLRIPTSYSKTFQGPPHGIQVERDKLNKYGRPLLGCTIKPKLGLSAKNYGRAVYECLRGGLDFTKDDENVNSQPFMRWRDRFVFCAEALYKAQAETGEIKGHYLNATAGTCEEMMKRAMCARELGVPIVMHDYLTGGFTANTSLAHYCRDNGLLLHIHRAMHAVIDRQKNHGMHFRVLAKALRMSGGDHIHAGTVVGKLEGEREMTLGFVDLLRDDFIEKDRSRGIFFTQDWVSMPGVLPVASGGIHVWHMPALTEIFGDDSVLQFGGGTLGHPWGNAPGAVANRVALEACVQARNEGRDLAREGNEIIREASKWSPELAAACEVWKAIKFEFEPVDKLDK	A0A8B7CFF4	MQCMKVWPIEGVKKFETLSYLPPLPIEALLKQIEYLLRSRWVPCLEFCKVGFVYRENHRSPGYYDGRYWTMWKLPMFGCNDATQVAKELEECKKEYPDAFIRIIGFDNVRQVQCISFIAYKPPSFYT
Ananas comosus	Pineapple	P48683	MSPQTETKASVGFKAGVKDYKLTYYTPEYETKDTDILAAFRVTPQPGVPPEEAGAAVAAESSTGTWTTVWTDGLTSLDRYKGRCYHIEPVVGEENQYIAYVAYPLDLFEEGSVTNMFTSIVGNVFGFKALRALRLEDLRIPTSYSKTFQGPPHGIQVERDKLNKYGRPLLGCTIKPKLGLSAKNYGRAVYECLRGGLDFTKDDENVNSQPFMRWRDRFVFCAEAIYKAQAETGEIKGHYLNATAGTCEEMIKRAVFARELGVPIVMHDYLTGGFTANTSLAHYCRDNGLLLHIHRAMHAVIDRQKNHGMHFRVLAKALRMSGGDHIHAGTVVGKLEGEREMTLGFVDLLRDDFIEKDRSRGIFFTQDWVSMPGVIPVASGGIHVWHMPALTEIFGDDSVLQFGGGTLGHPWGNAPGAVANRVALEACVQARNEGRDLAREGAEIIREASKWSPELAAACEVWKQIKFDFEPVDKLDKTK	A0A199UQQ7	MQCMKVWPIEGVKKFETLSYLPPLSPEALLKQIDYLLRSGWIPCLEFCPVGFVYREHNKSPGYYDGRYWTMWKLPMFGCTDATQVAKELEELKKEYPHCFARIIGFDNVRQVQCISFIAYKPEGKGVY
Asparagus officinalis	Garden asparagus	A0A292QA99	MSPQTETKARVGLKAGVKDYILTYYTPDYETKDTDILAAFRVTAQPGVPPEEAGAAVAAESSTGTWTTVWTDGLTSLDRYKGRCYHIEPVTGEAEQFIAYVAYPLALFEEGSVTNMFTSIVGNVFGFKALRALRLEDLRIPPAYSKTFQGPPHGIQVERDKLNKYGRPLLGCTIKPKLGLSAKNYGRAVYECLRGGLDFTKDDENVNSQPFMRWRDRFCFCAEALYKAQAETGEIKGHYLNATAGTCEEMMKRAIFARELGVPIVMHDYLTGGFTANTTLAHYCRDNGLLLHIHRAMHAVIDRQKNHGMHFRVLAKALRMSGGDHIHAGTVVGKLEGEREMTLGFVDLLRDDYIEKDRSRGIFFTQDWVSMPGVIPVASGGIHVWHMPALTEIFGDDSVLQFGGGTLGHPWGNAPGAVANRVALEACAQARNEGRDLAREGNEIIREAAKWSPELAAACEVWKEIKFEFEPVDKIDKQKV	A0A5P1FWW3	MQCMKVWPVEGIKKFETLSYLPTLSIEQLIKQIEYLIRNGWIPCLEFCHEGFVYRKYHASPGYYDGRYWTMWKLPMFGCTDAIQVVKELDNCKAEYPTAFIRIIGFDNNRQVQCVSFIAYKPPQ
Dioscorea rotundata	White yam	A0A024BL70	MSPQTETKASVGFKAGVKDYKLTYYTPDYETKDTDILAAFRVTPQPGVPPEEAGAAVAAESSTGTWTTVWTDGLTSLDRYKGRCYHIESVVGEEDQYIAYVAYPLDLFEEGSVTNMFTSIVGNVFGFKALRALRLEDLRIPTSYSKTFQGPPHGIQVERDKLNKYGRPLLGCTIKPKLGLSAKNYGRAVYECLRGGLDFTKDDENVNSQPFMRWRDRFLFCAEALFKAQAETGEIKGHYLNATAGTCEEMMKRAIFARELGVPIVMHDYLTGGFTANTSLAHYCRDNGLLLHIHRAMHAVIDRQKNHGMHFRVLAKALRMSGGDHIHAGTVVGKLEGEREMTLGFVDLLRDDFIEKDRSRGIFFTQDWVSMPGVIPVASGGIHVWHMPALTEIFGDDSVLQFGGGTLGHPWGNAPGAVANRVALEACVQARNEGRDLAREGNEIIREASKWSPELAAACEVWKEIKFEYKPVDTLDV	A0AB40ANC4	MQCMKVWPIEGKKKFETLSYLPSLTDDELLKQIAYLLRSGWVPCIEFCKIGFVYRKYHSSPGYYDGRYWTMWKLPMFGCTDAVQVLKEVRECEKEYPDAFNRIIGFDNVRQVQCISFITYKPPGFTEFER