position,identity,entropy,distribution
1,1.0,0.0,{'M': 7}
2,0.8055555555555556,0.710676853856123,"{'M': 29, 'Q': 7}"
3,1.0,0.0,{'C': 35}
4,0.9743589743589743,0.17203694935311378,"{'M': 38, 'I': 1}"
5,0.6153846153846154,1.0971440412695763,"{'K': 14, 'Q': 24, 'L': 1}"
6,1.0,0.0,{'V': 39}
7,1.0,0.0,{'W': 39}
8,1.0,0.0,{'P': 39}
9,0.4358974358974359,1.8098964570103073,"{'P': 17, 'T': 4, 'I': 14, 'A': 3, 'V': 1}"
10,0.4473684210526316,2.092842243500889,"{'I': 8, 'L': 7, 'V': 3, 'T': 1, 'E': 17, 'Y': 2}"
11,0.8717948717948718,0.5524951143251111,"{'G': 34, 'N': 5}"
12,0.2564102564102564,2.57812506692702,"{'K': 10, 'M': 3, 'L': 8, 'I': 8, 'N': 5, 'G': 1, 'V': 4}"
13,0.9487179487179487,0.34310030788093704,"{'K': 37, 'R': 1, 'M': 1}"
14,1.0,0.0,{'K': 40}
15,0.85,0.6098403047164004,"{'F': 34, 'Y': 6}"
16,1.0,0.0,{'E': 40}
17,1.0,0.0,{'T': 40}
18,1.0,0.0,{'L': 40}
19,1.0,0.0,{'S': 40}
20,1.0,0.0,{'Y': 40}
21,1.0,0.0,{'L': 40}
22,1.0,0.0,{'P': 40}
23,0.625,1.2940292260618125,"{'D': 12, 'P': 25, 'T': 2, 'S': 1}"
24,0.925,0.38431154412649704,"{'L': 37, 'M': 3}"
25,0.525,1.5508774745753184,"{'S': 21, 'D': 1, 'T': 15, 'N': 1, 'K': 1, 'P': 1}"
26,0.25,2.8732196723355075,"{'D': 10, 'Q': 2, 'E': 6, 'P': 2, 'T': 10, 'N': 2, 'K': 1, 'R': 1, 'V': 4, 'I': 2}"
27,0.75,1.3228879606268868,"{'V': 3, 'A': 1, 'E': 30, 'T': 1, 'Q': 1, 'D': 4}"
28,0.45,2.004243331944708,"{'E': 5, 'Q': 18, 'S': 2, 'A': 9, 'D': 6}"
29,0.975,0.16866093149667025,"{'L': 39, 'V': 1}"
30,0.55,1.9871353917582417,"{'A': 9, 'L': 22, 'G': 2, 'R': 1, 'S': 3, 'C': 1, 'V': 1, 'I': 1}"
31,0.9,0.5501234060351945,"{'K': 36, 'S': 3, 'A': 1}"
32,0.5,1.0,"{'E': 20, 'Q': 20}"
33,0.525,1.139495197279473,"{'V': 21, 'I': 18, 'C': 1}"
34,0.575,1.2557959968013854,"{'D': 23, 'E': 15, 'N': 1, 'A': 1}"
35,0.975,0.16866093149667025,"{'Y': 39, 'F': 1}"
36,1.0,0.0,{'L': 40}
37,0.7,0.8812908992306927,"{'L': 28, 'I': 12}"
38,0.875,0.71493326750643,"{'R': 35, 'K': 3, 'V': 1, 'Q': 1}"
39,0.4,1.6950956495457588,"{'N': 12, 'K': 11, 'S': 16, 'M': 1}"
40,0.425,1.5970120122477947,"{'K': 16, 'G': 17, 'N': 6, 'R': 1}"
41,1.0,0.0,{'W': 40}
42,0.575,0.9837082626231859,"{'I': 17, 'V': 23}"
43,1.0,0.0,{'P': 40}
44,0.975,0.16866093149667025,"{'C': 39, 'P': 1}"
45,0.875,0.66493326750643,"{'V': 3, 'L': 35, 'I': 2}"
46,1.0,0.0,{'E': 40}
47,1.0,0.0,{'F': 40}
48,0.425,1.8144377895276331,"{'E': 17, 'D': 2, 'T': 1, 'S': 14, 'C': 6}"
49,0.55,1.8192407046368488,"{'L': 11, 'T': 4, 'V': 2, 'I': 2, 'K': 1}"
50,0.425,1.9696724140027735,"{'E': 15, 'K': 17, 'G': 2, 'L': 1, 'H': 2, 'P': 2, 'T': 1}"
51,0.325,2.630197116258077,"{'H': 11, 'K': 3, 'E': 4, 'D': 1, 'R': 1, 'Y': 2, 'S': 2, 'V': 13, 'I': 3}"
52,0.975,0.16866093149667025,"{'G': 39, 'P': 1}"
53,0.925,0.5031837316805838,"{'F': 37, 'W': 1, 'Y': 1, 'L': 1}"
54,0.9,0.5689955935892812,"{'V': 36, 'P': 2, 'I': 2}"
55,0.775,1.0446815792293607,"{'Y': 31, 'H': 2, 'F': 6, 'W': 1}"
56,1.0,0.0,{'R': 40}
57,0.925,0.38431154412649704,"{'E': 37, 'K': 3}"
58,0.475,1.3088240877985322,"{'H': 18, 'N': 19, 'Y': 3}"
59,0.375,2.2152594145479907,"{'G': 4, 'N': 11, 'H': 15, 'S': 5, 'A': 4, 'D': 1}"
60,0.375,2.315259414547991,"{'N': 2, 'R': 15, 'K': 4, 'S': 11, 'H': 1, 'A': 2, 'T': 5}"
61,0.875,0.71493326750643,"{'T': 3, 'S': 35, 'L': 1, 'V': 1}"
62,1.0,0.0,{'P': 40}
63,0.875,0.71493326750643,"{'G': 35, 'T': 1, 'C': 3, 'Y': 1}"
64,0.9743589743589743,0.17203694935311378,"{'Y': 38, 'F': 1}"
65,1.0,0.0,{'Y': 39}
66,1.0,0.0,{'D': 39}
67,1.0,0.0,{'G': 39}
68,1.0,0.0,{'R': 39}
69,1.0,0.0,{'Y': 40}
70,1.0,0.0,{'W': 40}
71,1.0,0.0,{'T': 40}
72,1.0,0.0,{'M': 40}
73,1.0,0.0,{'W': 40}
74,1.0,0.0,{'K': 40}
75,1.0,0.0,{'L': 40}
76,1.0,0.0,{'P': 40}
77,0.925,0.38431154412649704,"{'L': 3, 'M': 37}"
78,1.0,0.0,{'F': 40}
79,1.0,0.0,{'G': 40}
80,0.95,0.3363969571159562,"{'C': 38, 'A': 1, 'G': 1}"
81,0.925,0.38431154412649704,"{'T': 37, 'N': 3}"
82,0.925,0.38431154412649704,"{'D': 37, 'E': 3}"
83,0.625,1.2168750678823046,"{'S': 13, 'A': 25, 'G': 1, 'P': 1}"
84,0.45,1.964979820516481,"{'A': 8, 'S': 10, 'T': 18, 'G': 1, 'V': 2, 'I': 1}"
85,1.0,0.0,{'Q': 40}
86,1.0,0.0,{'V': 40}
87,0.525,2.059344885266253,"{'L': 21, 'M': 2, 'V': 3, 'I': 4, 'Y': 6, 'A': 4}"
88,0.625,1.6440292260618126,"{'K': 25, 'A': 6, 'E': 1, 'L': 1, 'N': 6, 'Q': 1}"
89,1.0,0.0,{'E': 40}
90,0.55,1.3541567312836542,"{'V': 15, 'L': 22, 'I': 2, 'F': 1}"
91,0.575,1.7903979464327393,"{'E': 23, 'Q': 10, 'A': 2, 'Y': 1, 'D': 2, 'G': 1, 'R': 1}"
92,0.95,0.28639695711595625,"{'E': 38, 'N': 2}"
93,0.475,1.6873866644252318,"{'C': 12, 'A': 19, 'V': 7, 'L': 2}"
94,0.825,0.9603029464166383,"{'K': 33, 'R': 1, 'Q': 1, 'I': 4, 'E': 1}"
95,0.725,1.2121474983116993,"{'K': 29, 'T': 4, 'N': 1, 'A': 6}"
96,0.45,1.4501234060351946,"{'E': 18, 'A': 18, 'H': 1, 'S': 3}"
97,0.925,0.4531837316805838,"{'Y': 37, 'P': 1, 'H': 2}"
98,1.0,0.0,{'P': 40}
99,0.525,2.140472697712166,"{'G': 2, 'N': 6, 'Q': 6, 'E': 1, 'D': 21, 'K': 1, 'H': 2, 'T': 1}"
100,0.775,1.1946815792293606,"{'A': 31, 'G': 3, 'S': 2, 'N': 1, 'C': 3}"
101,0.55,1.5035109425595816,"{'F': 22, 'W': 5, 'H': 1, 'Y': 12}"
102,0.6,1.4454618442383218,"{'I': 24, 'V': 12, 'A': 2, 'H': 1, 'N': 1}"
103,1.0,0.0,{'R': 40}
104,0.8,0.8306409835272817,"{'I': 32, 'F': 1, 'V': 7}"
105,0.9,0.4689955935892812,"{'I': 36, 'L': 4}"
106,1.0,0.0,{'G': 40}
107,1.0,0.0,{'F': 40}
108,0.975,0.16866093149667025,"{'D': 39, 'N': 1}"
109,0.975,0.16866093149667025,"{'N': 39, 'D': 1}"
110,0.575,1.9642634074923198,"{'T': 3, 'V': 23, 'N': 4, 'K': 1, 'I': 6, 'M': 1, 'L': 2}"
111,0.925,0.38431154412649704,"{'R': 37, 'K': 3}"
112,0.975,0.16866093149667025,"{'Q': 39, 'E': 1}"
113,0.925,0.38431154412649704,"{'V': 37, 'T': 3}"
114,1.0,0.0,{'Q': 40}
115,0.95,0.28639695711595625,"{'C': 38, 'L': 2}"
116,0.75,0.8112781244591328,"{'I': 30, 'V': 10}"
117,0.875,0.6338054550605167,"{'S': 35, 'M': 4, 'A': 1}"
118,1.0,0.0,{'F': 40}
119,0.975,0.16866093149667025,"{'I': 39, 'L': 1}"
120,0.95,0.3363969571159562,"{'A': 38, 'V': 1, 'T': 1}"
121,0.775,1.1421849424766137,"{'Y': 31, 'H': 1, 'S': 1, 'A': 2, 'F': 5}"
122,0.9,0.5501234060351945,"{'K': 36, 'T': 1, 'R': 3}"
123,1.0,0.0,{'P': 40}
124,0.55,2.231496329528675,"{'P': 22, 'E': 6, 'A': 4, 'K': 2, 'D': 1, 'G': 1, 'Q': 1, 'S': 1, 'T': 1, 'H': 1}"
125,0.7435897435897436,1.416647119921233,"{'S': 4, 'G': 29, 'T': 2, 'A': 1, 'V': 1, 'R': 1, 'Q': 1}"
126,0.2631578947368421,2.7943671613415555,"{'F': 7, 'Y': 10, 'V': 3, 'T': 1, 'L': 1, 'A': 1, 'C': 8, 'S': 5, 'N': 1, 'K': 1}"
127,0.45454545454545453,2.5515148708628836,"{'T': 3, 'K': 1, 'L': 2, 'Y': 2, 'E': 10, 'Q': 1, 'D': 1, 'V': 1, 'G': 1}"
128,0.5714285714285714,1.807354922057604,"{'E': 8, 'G': 1, 'F': 2, 'T': 2, 'V': 1}"
129,0.5384615384615384,2.0349409139562287,"{'A': 2, 'S': 7, 'L': 1, 'T': 1, 'Y': 1, 'F': 1}"
130,0.5454545454545454,2.049452072789394,"{'A': 1, 'M': 1, 'S': 1, 'P': 1, 'G': 6, 'E': 1}"
131,0.3,2.6464393446710153,"{'L': 1, 'F': 1, 'S': 1, 'G': 2, 'K': 3, 'V': 1, 'R': 1}"
132,0.4444444444444444,1.7527152789797047,"{'E': 1, 'N': 3, 'I': 1, 'A': 4}"
133,0.25,2.0,"{'V': 1, 'C': 1, 'A': 1, 'K': 1}"
134,1.0,0.0,{'L': 1}
135,1.0,0.0,{'E': 1}
